userId,wine,rate
91cf68cc-9436-43e1-871d-33beef4d2337,Vistamar Cabernet Sauvignon Reserva,1
877019f9-3c77-491d-912e-58b2404aed47,Chianti,1
eadb1fb9-7260-4618-aa5a-8f2ebdca2077,Bread & Butter Pinor Noir 2020,1
c88644be-2c9b-42f0-9c4b-7f8e81795f43,Terrano,1
bc79b0e3-064d-4240-86de-e86499f577e8,2/5 大亂鬥 2,1
bc79b0e3-064d-4240-86de-e86499f577e8,3／4 大亂鬥 11,1
bc79b0e3-064d-4240-86de-e86499f577e8,3／4 大亂鬥 6,1
4e0cbfe3-8d73-4af4-b09e-f3193d1170a5,Zahorra Blanca,1
f8c400a6-ded1-40b8-95d2-a263d05c30ce,Montepulciano 60,1
ecc462e1-5041-43ca-94c3-c2bfc9b3215e,Merlot  le vigne di zamo,1
ecc462e1-5041-43ca-94c3-c2bfc9b3215e,le vigne di zamo refosco,1
ecc462e1-5041-43ca-94c3-c2bfc9b3215e,Friulano,1
20e0b694-84a5-4f11-9191-598f924c2947,Morellino di Scansano 2021,1
e5b0e77a-ed45-4436-a771-6e01c5782973,Campofiorin Rosso Veronese,1
4ed273f7-1816-4f36-88c7-789125f011c7,Moscato d'Asti,1
bf82194f-6108-4524-9cef-69c0231ac74b,Nerello mascalese,1
5ccd8030-047b-432c-a630-d784ab415756,Bardolino Chiaretto,1
014e4ed1-6f8b-4b25-917d-c167a2acca17,New Wine,1
7f6dede6-b8b5-4bb6-a1ca-ae58c79c0ea7,Rheinhessen Kabinett Riesling,1
d838a526-4b0a-4fad-b54f-90b6ca321fca,Shiraz,2
91cf68cc-9436-43e1-871d-33beef4d2337,Kellermeister Barossa Vineyards,2
91cf68cc-9436-43e1-871d-33beef4d2337,Hermitage,2
91cf68cc-9436-43e1-871d-33beef4d2337,Legitimo Carinena,2
91cf68cc-9436-43e1-871d-33beef4d2337,St. Hallett Barossa,2
91cf68cc-9436-43e1-871d-33beef4d2337,Bubbly Pinot Grigio (Champagne),2
91cf68cc-9436-43e1-871d-33beef4d2337,Sacred Hill Whitecliff Marlborough,2
91cf68cc-9436-43e1-871d-33beef4d2337,Sacred Hill Pinot Noir,2
91cf68cc-9436-43e1-871d-33beef4d2337,Bella Cabernet Sauvignon,2
91cf68cc-9436-43e1-871d-33beef4d2337,Pinot Grigio,2
91cf68cc-9436-43e1-871d-33beef4d2337,E. Guigal Cotes du Rhone Blended,2
91cf68cc-9436-43e1-871d-33beef4d2337,Gran Malbec,2
91cf68cc-9436-43e1-871d-33beef4d2337,Chardonnay,2
877019f9-3c77-491d-912e-58b2404aed47,Chianti,2
3da6eec4-bd99-4370-be23-676baf750f19,Monterey Pinot Noir,2
3b1f7bc8-6a23-47e5-97df-043bd1b97f12,White cava,2
c88644be-2c9b-42f0-9c4b-7f8e81795f43,Bollicina,2
a94874d2-6af9-4651-a1d3-036ed714f2cb,pelaverga,2
25a04c51-5638-42f0-b2e7-ce49b1c280fc,Primitivo Manduria,2
25a04c51-5638-42f0-b2e7-ce49b1c280fc,Rosso di Montalcino,2
55851c14-2fd7-4f7e-b4de-b45e14825ac3,Riesling Goldmund Feinherb,2
c2dfb861-cdad-4fb2-9460-fc794c7f6cad,Merlot (U),2
441ac739-42f8-48d2-9526-fdedf2d4852f,Terrano,2
441ac739-42f8-48d2-9526-fdedf2d4852f,Vitovska acciaio,2
bc79b0e3-064d-4240-86de-e86499f577e8,Les Grands Blancs,2
bc79b0e3-064d-4240-86de-e86499f577e8,Firesteed Centerstone Unoaked Chardonnay,2
36fec3ea-e183-491d-b65a-6c7ac90fafa5,Merlot,2
9a3cc655-c88e-4c1b-95e2-add7579ff4c2,Terrano,2
f8c400a6-ded1-40b8-95d2-a263d05c30ce,Bolgheri+,2
f8c400a6-ded1-40b8-95d2-a263d05c30ce,Bolgheri+,2
f8c400a6-ded1-40b8-95d2-a263d05c30ce,Ater,2
f8c400a6-ded1-40b8-95d2-a263d05c30ce,Sizzano,2
f8c400a6-ded1-40b8-95d2-a263d05c30ce,Barolo,2
f8c400a6-ded1-40b8-95d2-a263d05c30ce,Barolo,2
f8c400a6-ded1-40b8-95d2-a263d05c30ce,Pinot grigio,2
f8c400a6-ded1-40b8-95d2-a263d05c30ce,Pinot grigio,2
f8c400a6-ded1-40b8-95d2-a263d05c30ce,Corvina ,2
f8c400a6-ded1-40b8-95d2-a263d05c30ce,Corvina ,2
f8c400a6-ded1-40b8-95d2-a263d05c30ce,Blanc del Noirs,2
f8c400a6-ded1-40b8-95d2-a263d05c30ce,Nebbiolo,2
f8c400a6-ded1-40b8-95d2-a263d05c30ce,Poggio badiola,2
876b7023-bbf0-4bd8-a341-61ae5bc4b38f,Signoria Prosecco Extra Dry,2
ecc462e1-5041-43ca-94c3-c2bfc9b3215e,Sinefinis,2
ecc462e1-5041-43ca-94c3-c2bfc9b3215e,Daphne,2
ecc462e1-5041-43ca-94c3-c2bfc9b3215e,Nus Malvoisie,2
ecc462e1-5041-43ca-94c3-c2bfc9b3215e,Pinot grigio,2
ecc462e1-5041-43ca-94c3-c2bfc9b3215e,Friulano,2
ecc462e1-5041-43ca-94c3-c2bfc9b3215e,Canto x,2
ecc462e1-5041-43ca-94c3-c2bfc9b3215e,Petite arvine,2
ecc462e1-5041-43ca-94c3-c2bfc9b3215e,Prieuré Chambave Moscato Passito,2
ecc462e1-5041-43ca-94c3-c2bfc9b3215e,Ribolla Gialla,2
ecc462e1-5041-43ca-94c3-c2bfc9b3215e,"""PG Rosa"" Pinot grigio",2
ecc462e1-5041-43ca-94c3-c2bfc9b3215e,souvignon komjanc,2
ecc462e1-5041-43ca-94c3-c2bfc9b3215e,Ribolla gialla,2
ecc462e1-5041-43ca-94c3-c2bfc9b3215e,Cabernet Franc,2
ecc462e1-5041-43ca-94c3-c2bfc9b3215e,Rebula,2
ecc462e1-5041-43ca-94c3-c2bfc9b3215e,Petite arvine nuance,2
579b62d7-7cc4-4156-9e75-342802319780,Rolha,2
7ed7fb0c-884d-46bf-a14a-205474a0949d,Bardolino,2
bc8f3005-c2c6-4277-9fd7-340248f4e7ec,Terrano,2
13016d41-00bd-411c-83f5-2b95691696b7,Ribolla gialla,2
13016d41-00bd-411c-83f5-2b95691696b7,Terrano,2
13016d41-00bd-411c-83f5-2b95691696b7,Chianti,2
3d88fe74-6881-42bd-bb97-d67f2db649d7,Dark Horse Shiraz,2
5ccd8030-047b-432c-a630-d784ab415756,Weissburgunder Trocken,2
5ccd8030-047b-432c-a630-d784ab415756,Silvaner,2
5ccd8030-047b-432c-a630-d784ab415756,Vendemmia,2
5ccd8030-047b-432c-a630-d784ab415756,Acinaia,2
5ccd8030-047b-432c-a630-d784ab415756,Amarone della Valpolicella,2
5ccd8030-047b-432c-a630-d784ab415756,Blauer Wildbacher,2
5ccd8030-047b-432c-a630-d784ab415756,Goldmuskateller,2
5ccd8030-047b-432c-a630-d784ab415756,Bacchus,2
5ccd8030-047b-432c-a630-d784ab415756,Dogliani,2
5ccd8030-047b-432c-a630-d784ab415756,La Moneta Gavi,2
a0ef6b50-093e-4ae1-8e3c-58a2a17d2bb8,Fairbridge,2
a0ef6b50-093e-4ae1-8e3c-58a2a17d2bb8,Pinot Noir,2
47edd867-4e96-411a-b436-970e5f750b03,Pinot Grigio,2
7f6dede6-b8b5-4bb6-a1ca-ae58c79c0ea7,Fleurie Grand Pre,2
7f6dede6-b8b5-4bb6-a1ca-ae58c79c0ea7,Valle de Maipo Carmenere,2
7f6dede6-b8b5-4bb6-a1ca-ae58c79c0ea7,Groot Constantia,2
7f6dede6-b8b5-4bb6-a1ca-ae58c79c0ea7,Valle de Casablanca Sauvignon,2
7f6dede6-b8b5-4bb6-a1ca-ae58c79c0ea7,Yellow Label ,2
7f6dede6-b8b5-4bb6-a1ca-ae58c79c0ea7,Mendoza Chardonnay,2
7f6dede6-b8b5-4bb6-a1ca-ae58c79c0ea7,Lodi California,2
7f6dede6-b8b5-4bb6-a1ca-ae58c79c0ea7,Cirus Madiran,2
7f6dede6-b8b5-4bb6-a1ca-ae58c79c0ea7,Valle Central Merlot,2
7f6dede6-b8b5-4bb6-a1ca-ae58c79c0ea7,Beyerskloof Western Cape,2
76b71bb0-6cc9-4168-8a45-bbafc1e9a256,Merlot,3
bc79b0e3-064d-4240-86de-e86499f577e8,Willm Riesling,3
5ccd8030-047b-432c-a630-d784ab415756,Riesling Classic,3
f8c400a6-ded1-40b8-95d2-a263d05c30ce,Rotari brut,3
70c67292-57ce-4012-a939-5e6ddcb499f8,Gato Negro Cabernet Sauvignon - Merlot,3
5ccd8030-047b-432c-a630-d784ab415756,Weißer Burgunder,3
5ccd8030-047b-432c-a630-d784ab415756,Baden-Badener Spätburgunder,3
91cf68cc-9436-43e1-871d-33beef4d2337,Riesling,3
2ca37f5d-ecd7-4194-9688-90c5ee6d3792,"Ionos, Roditis-SYrah",3
a0ef6b50-093e-4ae1-8e3c-58a2a17d2bb8,The Old Man's Blend,3
f8c400a6-ded1-40b8-95d2-a263d05c30ce,Chianti Classico,3
f8c400a6-ded1-40b8-95d2-a263d05c30ce,Pistus,3
f8c400a6-ded1-40b8-95d2-a263d05c30ce,Barbaresco,3
36fec3ea-e183-491d-b65a-6c7ac90fafa5,Müller Thurgau,3
2a62eecd-b0cd-4395-9f8c-7c912a208be2,Soft & Fruity Red,3
7f6dede6-b8b5-4bb6-a1ca-ae58c79c0ea7,Les Pierrelles Crozes-Hermitage,3
e019e935-677a-4713-9c68-e19d2db878c4,Mussignaz Müller Thurgau,3
f8c400a6-ded1-40b8-95d2-a263d05c30ce,Rosso d’Asia,3
f8c400a6-ded1-40b8-95d2-a263d05c30ce,Chianti classico ,3
f8c400a6-ded1-40b8-95d2-a263d05c30ce,Grauvernatsch,3
9a3cc655-c88e-4c1b-95e2-add7579ff4c2,Omega Rosso,3
dcd16582-14d2-4e00-a024-9b5886d29b29,Finca La sofia,3
f8c400a6-ded1-40b8-95d2-a263d05c30ce,Brunello di Montalcino Vigna Manapetra,3
b61f83a4-48c5-49a5-aee5-72f7d5221b2a,Cabernet Sauvignon (815),3
4eb7031c-da00-48f4-bc7f-0a1f1eda7cab,Vitovska acciaio,3
f8c400a6-ded1-40b8-95d2-a263d05c30ce,Chianti classico,3
4eb7031c-da00-48f4-bc7f-0a1f1eda7cab,Torchio,3
f8c400a6-ded1-40b8-95d2-a263d05c30ce,Bricco Riva Bianca ,3
df904a46-c461-4233-9d44-6ac11a8bbddc,Il Bianco di Ciccio (Tralcetto),3
5ccd8030-047b-432c-a630-d784ab415756,Haardter Herzog,3
5ccd8030-047b-432c-a630-d784ab415756,Dettelbach Silvaner,3
f8c400a6-ded1-40b8-95d2-a263d05c30ce,Bolgheri Superiore Sondraia,3
5ccd8030-047b-432c-a630-d784ab415756,Frühburgunder,3
f8c400a6-ded1-40b8-95d2-a263d05c30ce,Gramigna Imperial,3
7f6dede6-b8b5-4bb6-a1ca-ae58c79c0ea7,Pinot blanc,3
f8c400a6-ded1-40b8-95d2-a263d05c30ce,Ruche',3
f8c400a6-ded1-40b8-95d2-a263d05c30ce,Brunello di Montalcino,3
5ccd8030-047b-432c-a630-d784ab415756,Randersacker Spätburgunder Rosé,3
f9b653da-6c1b-4390-87c6-f74e42bf0a03,Vinho Verde Branco,3
bc79b0e3-064d-4240-86de-e86499f577e8,2/5 大亂鬥 1,3
f8c400a6-ded1-40b8-95d2-a263d05c30ce,Imperial Brut,3
7f6dede6-b8b5-4bb6-a1ca-ae58c79c0ea7,Théophile Brut Champagne,3
f8c400a6-ded1-40b8-95d2-a263d05c30ce,Langhe Nebbiolo,3
36fec3ea-e183-491d-b65a-6c7ac90fafa5,Bortolomiol Vintage Extra Dry Millesimato,3
f8c400a6-ded1-40b8-95d2-a263d05c30ce,Taurasi,3
13016d41-00bd-411c-83f5-2b95691696b7,Bolgheri,3
25a04c51-5638-42f0-b2e7-ce49b1c280fc,Chasselas,3
f8c400a6-ded1-40b8-95d2-a263d05c30ce,Brunello di Montlcino Mozard,3
25a04c51-5638-42f0-b2e7-ce49b1c280fc,Vermentino di Gallura,3
f8c400a6-ded1-40b8-95d2-a263d05c30ce,Rosso di Montalcino,3
d7fffb49-a1f3-433c-a556-a3bc015e7e0f,Cabernet Franc,3
36fec3ea-e183-491d-b65a-6c7ac90fafa5,Valdobbiadene Prosecco Superiore,3
f8c400a6-ded1-40b8-95d2-a263d05c30ce,Langhe Nebbiolo,3
91cf68cc-9436-43e1-871d-33beef4d2337,Domaine Grand Veneur Blanc de Viogier,3
f8c400a6-ded1-40b8-95d2-a263d05c30ce,Amarone,3
7f6dede6-b8b5-4bb6-a1ca-ae58c79c0ea7,Anjou Blanc,3
5ccd8030-047b-432c-a630-d784ab415756,Chardonnay - Frankenweiler,3
5ccd8030-047b-432c-a630-d784ab415756,Dveri Pax Blaufränkisch,3
3d88fe74-6881-42bd-bb97-d67f2db649d7,Nottage Hill Cabernet - Shiraz,3
a3b393ad-38d5-4c5a-b814-5fec18a1fa9d,Saint-joseph,3
bc79b0e3-064d-4240-86de-e86499f577e8,5/20 Domaine de Thalabert Croze Hermitage,3
7f6dede6-b8b5-4bb6-a1ca-ae58c79c0ea7,Mendoza Pinot Grigio,3
7ed7fb0c-884d-46bf-a14a-205474a0949d,Valpolicella,3
7f6dede6-b8b5-4bb6-a1ca-ae58c79c0ea7,Pinot gris,3
5ccd8030-047b-432c-a630-d784ab415756,Pinot Noir Rosé,3
5ccd8030-047b-432c-a630-d784ab415756,Frescaripa Bardolino Classico,3
f8c400a6-ded1-40b8-95d2-a263d05c30ce,Vitovska,3
f8c400a6-ded1-40b8-95d2-a263d05c30ce,Brut Rosè ,3
70c67292-57ce-4012-a939-5e6ddcb499f8,Nero d'Avola Sicilia,3
5ccd8030-047b-432c-a630-d784ab415756,Merlot,3
bc8f3005-c2c6-4277-9fd7-340248f4e7ec,Franciacorta,3
91cf68cc-9436-43e1-871d-33beef4d2337,Domaine des Cassiers Pouilly-Fumé,3
df904a46-c461-4233-9d44-6ac11a8bbddc,Astrale,3
3dd9219a-c64e-4c5a-a61b-aad6a417a69a,Brachetto Piemonte,3
5ccd8030-047b-432c-a630-d784ab415756,tschiel brut nature,3
2587fe2b-2481-4150-ae14-99ed61c218ac,Why not? PREMIUM zin,3
36fec3ea-e183-491d-b65a-6c7ac90fafa5,Chardonnay Biele Zôe Cuvée 85/15,3
4eb7031c-da00-48f4-bc7f-0a1f1eda7cab,Pinotage,3
5ccd8030-047b-432c-a630-d784ab415756,No guns only roses,3
d48fd3bd-06e9-4368-97b9-aae545388325,Chardonnay,3
36fec3ea-e183-491d-b65a-6c7ac90fafa5,Pinot Grigio,3
f8c400a6-ded1-40b8-95d2-a263d05c30ce,Bricco Riva Bianca ,3
bc79b0e3-064d-4240-86de-e86499f577e8,"Le Fay d'Homme .Muscadet, France",3
defee34b-7775-4889-b703-92b730d85e70,Ribolla,3
5ccd8030-047b-432c-a630-d784ab415756,Bel Colle,3
b57ea79f-3b3a-4301-af1d-ad8883800bce,Santa Julia Tinto Dulce,3
5ccd8030-047b-432c-a630-d784ab415756,Spätburgunder Rosé,3
f8c400a6-ded1-40b8-95d2-a263d05c30ce,Crognolo ,3
13016d41-00bd-411c-83f5-2b95691696b7,Iridium,3
f8c400a6-ded1-40b8-95d2-a263d05c30ce,Pistus,3
f8c400a6-ded1-40b8-95d2-a263d05c30ce,Cirò,3
bc79b0e3-064d-4240-86de-e86499f577e8,Collezione Chianti,3
f8c400a6-ded1-40b8-95d2-a263d05c30ce,Simbiotico,3
c26b57e2-bb71-43ca-b5bd-361867658d42,Les Terrasses Côtes du Roussillon Villages,3
7ab11062-c77b-4254-9f58-a3f852c73eb3,Kung Fu Girl Riesling,3
cabb87a0-6498-438a-beb7-676f72bddd09,Acrobat chardonnay,3
f8c400a6-ded1-40b8-95d2-a263d05c30ce,Montessu,3
bec96c0b-5b0b-4992-8756-e0d3b704afb5,Rossese,3
f8c400a6-ded1-40b8-95d2-a263d05c30ce,Le Vigne Di Eli Etna Rosso,3
838e0d9d-27e9-4f89-9eab-ba2c2f412759,Sicilia Rosé,3
36fec3ea-e183-491d-b65a-6c7ac90fafa5,Passo alle Tremiti Rosato,3
bc79b0e3-064d-4240-86de-e86499f577e8,Paul Jaboulet Aine,3
595d2e23-9c80-4c9b-aae0-2a6cb4eeae2b,nebbiolo,3
7f6dede6-b8b5-4bb6-a1ca-ae58c79c0ea7,Le Grand Saumur,3
f8c400a6-ded1-40b8-95d2-a263d05c30ce,Amarone,3
f8c400a6-ded1-40b8-95d2-a263d05c30ce,Rosso d’Asia,3
f8c400a6-ded1-40b8-95d2-a263d05c30ce,Rivale,3
f8c400a6-ded1-40b8-95d2-a263d05c30ce,Prosecco Millesimato,3
09f6ca6e-905f-4afd-bab2-d928fe046f18,Cabernet d'Anjou,3
36fec3ea-e183-491d-b65a-6c7ac90fafa5,Trentodoc Brut,3
f8c400a6-ded1-40b8-95d2-a263d05c30ce,Prosecco Elysian,3
ecc462e1-5041-43ca-94c3-c2bfc9b3215e,le vigne di zamò merlot 50 anni,3
76b71bb0-6cc9-4168-8a45-bbafc1e9a256,Brachetto Piemonte,3
ecc462e1-5041-43ca-94c3-c2bfc9b3215e,Pignolo,3
f8c400a6-ded1-40b8-95d2-a263d05c30ce,Brut Rose’,3
91cf68cc-9436-43e1-871d-33beef4d2337,Beppe Marino Barbera d'Asti Superiore DOCG,3
f8c400a6-ded1-40b8-95d2-a263d05c30ce,Bakàn,3
f8c400a6-ded1-40b8-95d2-a263d05c30ce,Pojega,3
c60f0ff1-ed30-4df6-a612-b9ae7ca0814b,Amarone,3
4eb7031c-da00-48f4-bc7f-0a1f1eda7cab,Malvasia legno,3
5ccd8030-047b-432c-a630-d784ab415756,Kaselar Dominikanerberg,3
5ccd8030-047b-432c-a630-d784ab415756,Blanc de Noir,3
7ed7fb0c-884d-46bf-a14a-205474a0949d,Bordeaux blanc,3
ec237d07-aabf-47af-a3fa-2b60019d49d7,Brut Rosé (Rose Label) Champagne,3
c88644be-2c9b-42f0-9c4b-7f8e81795f43,Vitovska acciaio,3
36fec3ea-e183-491d-b65a-6c7ac90fafa5,Lange Nebbiolo,3
5ccd8030-047b-432c-a630-d784ab415756,Barbera del Monferrato,3
ecc462e1-5041-43ca-94c3-c2bfc9b3215e,Fumin la griffe,3
13016d41-00bd-411c-83f5-2b95691696b7,Bianco,3
5ccd8030-047b-432c-a630-d784ab415756,tschiel brut nature,3
c15fdd5b-3f75-42c3-9dde-5735828c88e7,Oltrepo pavese riesling poderi riccagioia,3
7f6dede6-b8b5-4bb6-a1ca-ae58c79c0ea7,Les 4 Terres,3
f8c400a6-ded1-40b8-95d2-a263d05c30ce,Montefalco Rosso,3
f8c400a6-ded1-40b8-95d2-a263d05c30ce,Prosecco Terriero ,3
f8c400a6-ded1-40b8-95d2-a263d05c30ce,Fede,3
5ccd8030-047b-432c-a630-d784ab415756,Bardolino,3
bc79b0e3-064d-4240-86de-e86499f577e8,3/11 Syrah and blend #6,3
f8c400a6-ded1-40b8-95d2-a263d05c30ce,Rotari brut,3
e336887b-883b-4d9a-8cd3-060c25856bfb,Le caillou - Le truffe noire,3
f8c400a6-ded1-40b8-95d2-a263d05c30ce,Barolo Baccà,3
f8c400a6-ded1-40b8-95d2-a263d05c30ce,Amarone Costasera,3
5ccd8030-047b-432c-a630-d784ab415756,Randersacker Spätburgunder Rosé,3
df904a46-c461-4233-9d44-6ac11a8bbddc,Orvieto classico amabile ,3
f8c400a6-ded1-40b8-95d2-a263d05c30ce,Le Volte,3
7f6dede6-b8b5-4bb6-a1ca-ae58c79c0ea7,Le Relais de Patache d'Aux,3
36fec3ea-e183-491d-b65a-6c7ac90fafa5,Passo alle Tremiti Aglianico,3
13016d41-00bd-411c-83f5-2b95691696b7,Cabernet Franc,3
f8c400a6-ded1-40b8-95d2-a263d05c30ce,Chianti classico,3
7cb9aba3-78f1-4ad5-97ca-8bcc29fb021a,Falerio,3
f8c400a6-ded1-40b8-95d2-a263d05c30ce,Pappolo Jeff Hansen,3
36fec3ea-e183-491d-b65a-6c7ac90fafa5,Sangiovese,3
e336887b-883b-4d9a-8cd3-060c25856bfb,Tenuta Sant'Helena Pinot Grigio,3
918cd9b7-8057-4106-8f7f-9e9e3a423fb1,Cabernet Sauvignon,3
25a04c51-5638-42f0-b2e7-ce49b1c280fc,Johannisberger Erntebringer Riesling Feinherb,3
ecc462e1-5041-43ca-94c3-c2bfc9b3215e,Verduzzo secco,3
5ccd8030-047b-432c-a630-d784ab415756,Chardonnay,3
b877db20-6422-46b2-9dca-38a361d3e260,Capolemole Bianco,3
bc8f3005-c2c6-4277-9fd7-340248f4e7ec,Vitovska acciaio,3
36fec3ea-e183-491d-b65a-6c7ac90fafa5,Pinot Bianco Schulthauser ,3
ecc462e1-5041-43ca-94c3-c2bfc9b3215e,Bratje Komjanc,3
5ccd8030-047b-432c-a630-d784ab415756,Rödelseer Schwanleite,3
4eb7031c-da00-48f4-bc7f-0a1f1eda7cab,Terrano,3
990f0572-c5e7-47ec-ba20-141ab6058369,Rosso Carso Črnina,3
f8c400a6-ded1-40b8-95d2-a263d05c30ce,Cerasuolo di Vittoria,3
5ccd8030-047b-432c-a630-d784ab415756,Sauvignon Blanc,3
13016d41-00bd-411c-83f5-2b95691696b7,Cabernet,3
7b8580a6-ec74-44fa-96fe-028257bd61d2,Grillo Sicilia,3
df904a46-c461-4233-9d44-6ac11a8bbddc,Chardonnay Trentino Terresomme ,3
f8c400a6-ded1-40b8-95d2-a263d05c30ce,Prosecco Elysian,3
f8c400a6-ded1-40b8-95d2-a263d05c30ce,Cuvée n 4,3
5ccd8030-047b-432c-a630-d784ab415756,Maikammer Kirchenstück,3
f8c400a6-ded1-40b8-95d2-a263d05c30ce,Cantine Povero Dolcetto Monferrato DOC,3
f8c400a6-ded1-40b8-95d2-a263d05c30ce,Sancerre Rosè ,3
f8c400a6-ded1-40b8-95d2-a263d05c30ce,Friuli Grave Chardonnay,3
99654a70-c3bb-46f4-8697-b9345482e48d,Cabernet Sauvignon,3
2a62eecd-b0cd-4395-9f8c-7c912a208be2,Vignobles roussellet pinot noir,4
36fec3ea-e183-491d-b65a-6c7ac90fafa5,Nebbiolo d'Alba DOC Spumante Cuvée 970 Brut Rosé,4
4313b57d-e3f7-495e-bcfd-ff5c1bf15fcc,Le Bosquet Merlot Pays d'Oc 2018,4
5ccd8030-047b-432c-a630-d784ab415756,J. Neus Rosé,4
4ee63478-4f55-49ba-8e7f-87bd2c01d028,Estates Seven Oaks Cabernet Sauvignon,4
f8f65c20-a3b3-4a4f-bf54-7acd6e53c877,Valpolicella Classico,4
09f6ca6e-905f-4afd-bab2-d928fe046f18,Malvasia,4
06614f69-5a3a-455d-924b-6102e0958c6b,Vigna Kastelaz Gewürztraminer,4
2a62eecd-b0cd-4395-9f8c-7c912a208be2,Klein St cabernet sauvignon,4
b61f83a4-48c5-49a5-aee5-72f7d5221b2a,Cabernet Sauvignon,4
a0ef6b50-093e-4ae1-8e3c-58a2a17d2bb8,Spier Cabernet Sauvignon,4
13016d41-00bd-411c-83f5-2b95691696b7,Chapel Peak - Fusional of Marlborough,4
2b88ef27-7d56-4414-9c00-b23851f336d2,refosco Bole,4
5ccd8030-047b-432c-a630-d784ab415756,Rosé vom Löss,4
df904a46-c461-4233-9d44-6ac11a8bbddc,Chianti,4
bc79b0e3-064d-4240-86de-e86499f577e8,3／17 Temata 4 Merlot/Cabernet Sauvignon,4
36fec3ea-e183-491d-b65a-6c7ac90fafa5,Lagrein Tor di Lupo,4
bc79b0e3-064d-4240-86de-e86499f577e8,3／1 Ch. Saransot-Dupre,4
5bce85c2-b3c7-401f-b77b-992df3544479,Corte del lupo,4
f8c400a6-ded1-40b8-95d2-a263d05c30ce,Lagrein Riserva,4
5ccd8030-047b-432c-a630-d784ab415756,Il Castelliere Passito Bianco,4
a0ef6b50-093e-4ae1-8e3c-58a2a17d2bb8,Chardonnay,4
36fec3ea-e183-491d-b65a-6c7ac90fafa5,Barbera Piemonte,4
4a3e010a-0761-48d4-90c1-b2905e0b7b4a,Voysey pinot gris,4
df904a46-c461-4233-9d44-6ac11a8bbddc,Passerina  Terre di Chieti  IGP,4
5ccd8030-047b-432c-a630-d784ab415756,Full of Joy Grauburgunder,4
5f448912-9792-4679-9410-c6f786d1cf18,Cordero con piel de Lobo,4
4eb7031c-da00-48f4-bc7f-0a1f1eda7cab,Sauvignon,4
7f6dede6-b8b5-4bb6-a1ca-ae58c79c0ea7,La Banate vieille vignes,4
7f6dede6-b8b5-4bb6-a1ca-ae58c79c0ea7,Chateau Bouscasse,4
f8c400a6-ded1-40b8-95d2-a263d05c30ce,Barig,4
cabb87a0-6498-438a-beb7-676f72bddd09,Pinot Noir,4
45749629-7f44-49a1-92ef-ae32c959b290,Chablis 'La Pierrelée',4
71d38b96-326c-4d01-afc4-b12c947a5c6b,Rosso Carso Črnina,4
eadb1fb9-7260-4618-aa5a-8f2ebdca2077,Quid Pro Quo - tinto red blend,4
ccdd1b9a-2056-4d76-b922-f427b7932ba7,Casa Rossa Rosso,4
36fec3ea-e183-491d-b65a-6c7ac90fafa5,Vertigo,4
f72ac50c-2695-4a87-ac8c-23a570d1863e,Prosecco Valdobbiadene Extra Dry Marca Oro,4
09f6ca6e-905f-4afd-bab2-d928fe046f18,Vitovska legno,4
f8c400a6-ded1-40b8-95d2-a263d05c30ce,Amarone Campo del Titari,4
5ccd8030-047b-432c-a630-d784ab415756,Riesling Kabinett,4
defee34b-7775-4889-b703-92b730d85e70,Sylvaner,4
b0fbc6bd-4b1e-48cd-92f3-f49b7a505941,Kurni,4
a0ef6b50-093e-4ae1-8e3c-58a2a17d2bb8,Inspirational Batch 10,4
76b71bb0-6cc9-4168-8a45-bbafc1e9a256,Brachetto Piemonte,4
bc79b0e3-064d-4240-86de-e86499f577e8,3／17 Temata 3 Sauvignon Blanc,4
77b7936b-9797-4d14-81bd-a365d777f83d,Nebbiolo d'Alba,4
36fec3ea-e183-491d-b65a-6c7ac90fafa5,Corail,4
918cd9b7-8057-4106-8f7f-9e9e3a423fb1,Albariño,4
71d38b96-326c-4d01-afc4-b12c947a5c6b,Terrano,4
a0ef6b50-093e-4ae1-8e3c-58a2a17d2bb8,Cabernet Sauvignon,4
36fec3ea-e183-491d-b65a-6c7ac90fafa5,Chianti Classico,4
b0fbc6bd-4b1e-48cd-92f3-f49b7a505941,Béchar Fiano di Avellino,4
eadb1fb9-7260-4618-aa5a-8f2ebdca2077,Paulucci Malbec (Angel Paulucci Vineyard),4
f8c400a6-ded1-40b8-95d2-a263d05c30ce,Terrebianche col fondo,4
99654a70-c3bb-46f4-8697-b9345482e48d,Red (Winemaker's Blend),4
2a62eecd-b0cd-4395-9f8c-7c912a208be2,Pinot grigio garda,4
5ccd8030-047b-432c-a630-d784ab415756,Rosé Sundreamer,4
f8c400a6-ded1-40b8-95d2-a263d05c30ce,Jesera Pinot Grigio,4
36fec3ea-e183-491d-b65a-6c7ac90fafa5,Montebruna Barbera d'Asti,4
7ab11062-c77b-4254-9f58-a3f852c73eb3,Dos Ladrones,4
36fec3ea-e183-491d-b65a-6c7ac90fafa5,Valpolicella Ripasso (Classico Superiore),4
36fec3ea-e183-491d-b65a-6c7ac90fafa5,Raffa,4
4eb7031c-da00-48f4-bc7f-0a1f1eda7cab,Torchio,4
36fec3ea-e183-491d-b65a-6c7ac90fafa5,Perlugo Extra Brut,4
5ccd8030-047b-432c-a630-d784ab415756,Axel Rosė - Gesellenstück,4
8e521c78-d748-475a-9514-a8ae8895eb23,Cabernet Sauvignon - Merlot,4
36fec3ea-e183-491d-b65a-6c7ac90fafa5,Cuvée Imperiale Brut,4
2a62eecd-b0cd-4395-9f8c-7c912a208be2,Chartreuse de Bonpas Réserve,4
bec96c0b-5b0b-4992-8756-e0d3b704afb5,Le Difese,4
976ec198-048f-405c-b6e6-b17ee1db1139,Ripassa Valpolicella Ripasso Superiore,4
5ccd8030-047b-432c-a630-d784ab415756,Retzbacher Sauvignon Blanc,4
9a3cc655-c88e-4c1b-95e2-add7579ff4c2,Malvasia,4
f8c400a6-ded1-40b8-95d2-a263d05c30ce,Aluvional La Cosulta,4
36fec3ea-e183-491d-b65a-6c7ac90fafa5,Valpolicella Ripasso Classico Superiore Le Muraie,4
0cfb0f1f-1b20-48b4-bd0a-309609f865eb,Neuburger 2019,4
defee34b-7775-4889-b703-92b730d85e70,Vitovska Collection,4
d1289631-2bf5-44ca-aa36-9340e2e733af,Matteo Braidot,4
9b460857-eabd-47a0-a876-2fb9a3c9946e,Chardonnay Santa Barbara County,4
4ed273f7-1816-4f36-88c7-789125f011c7,Billi Billi Shiraz,4
5ccd8030-047b-432c-a630-d784ab415756,Spätburgunder,4
5ccd8030-047b-432c-a630-d784ab415756,Weissburgunder Kallstadter Steinacker,4
2bb306b3-5e47-40b1-ab05-eee62cafb1b8,Lyric Pinot Noir,4
457b85f5-7b46-4f52-85b9-59acb549b9a2,Broquel Malbec,4
f8c400a6-ded1-40b8-95d2-a263d05c30ce,Pian delle Masche Dolcetto d'Alba,4
76b71bb0-6cc9-4168-8a45-bbafc1e9a256,Refosco dal peduncolo rosso,4
4e4e45dd-0473-45c3-be2f-45b33d075f88,Roger et Didier Raimbault Vieilles Vignes Sancerre,4
f8c400a6-ded1-40b8-95d2-a263d05c30ce,Sanrosè ,4
bc8f3005-c2c6-4277-9fd7-340248f4e7ec,Malvasia legno,4
ec237d07-aabf-47af-a3fa-2b60019d49d7,Just Me,4
36fec3ea-e183-491d-b65a-6c7ac90fafa5,Chardonnay,4
36fec3ea-e183-491d-b65a-6c7ac90fafa5,Solosole Vermentino,4
f8c400a6-ded1-40b8-95d2-a263d05c30ce,Frascole Riserva,4
bc79b0e3-064d-4240-86de-e86499f577e8,2／17 @home #7,4
a0ef6b50-093e-4ae1-8e3c-58a2a17d2bb8,The First Lady Cabernet Sauvignon,4
bc79b0e3-064d-4240-86de-e86499f577e8,3/11 Syrah and blend #1,4
45a10c93-34ef-4aef-887a-9cd7a4292bec,Vigna Piaggia Brunello di Montalcino,4
f8c400a6-ded1-40b8-95d2-a263d05c30ce,Barolo Castiglione,4
5c865810-7a40-4eb4-93c3-970c4d6ce4da,Chardonnay Collio,4
2ae69fac-d491-412f-8164-ccaf59a230c2,Pignolo,4
36fec3ea-e183-491d-b65a-6c7ac90fafa5,Servo Suo Extra Dry Edizione,4
4a3e010a-0761-48d4-90c1-b2905e0b7b4a,Merlot Cabernet Sauvignon,4
568ad4cd-9050-48da-b3b2-ed29d405e477,Pinot Nero,4
bc79b0e3-064d-4240-86de-e86499f577e8,3/11 Syrah and blend #10,4
ecc462e1-5041-43ca-94c3-c2bfc9b3215e,le vigne di zamò ronco dei roseti,4
838e0d9d-27e9-4f89-9eab-ba2c2f412759,Vermentino,4
7cb9aba3-78f1-4ad5-97ca-8bcc29fb021a,Passerina,4
d7fffb49-a1f3-433c-a556-a3bc015e7e0f,Selengaia,4
5ccd8030-047b-432c-a630-d784ab415756,Chardonnay Engelsfelsen,4
d77c4371-fa10-492d-ba28-d0029997d639,Merlot,4
36fec3ea-e183-491d-b65a-6c7ac90fafa5,Cava Brut,4
36fec3ea-e183-491d-b65a-6c7ac90fafa5,Istrice,4
f8c400a6-ded1-40b8-95d2-a263d05c30ce,Terrebianche col fondo,4
7f6dede6-b8b5-4bb6-a1ca-ae58c79c0ea7,Meursault 'Les Grands Charrons',4
5ccd8030-047b-432c-a630-d784ab415756,LÖSS-LEHM Chardonnay & Weißer Burgunder,4
25a04c51-5638-42f0-b2e7-ce49b1c280fc,Pigato Riviera Ligure di Ponente,4
a0ef6b50-093e-4ae1-8e3c-58a2a17d2bb8,Grand Rouge,4
df904a46-c461-4233-9d44-6ac11a8bbddc,Governo all’uso toscano Bernardeschi,4
5ccd8030-047b-432c-a630-d784ab415756,Saar-Riesling Brut,4
bcc4af0f-7f89-4083-86cb-18b605495683,Bourgogne Pinot Noir,4
821b2cc2-7e35-4c18-a23b-115c064d740e,Maruja Manzanilla pasada,4
ff89d8c1-48a3-49b5-af95-62d0ce9ecf55,Rick boyer chardonnay central coast,4
36fec3ea-e183-491d-b65a-6c7ac90fafa5,Franciacorta Brut,4
f146626e-7c67-46a5-8226-79df4a9b8294,Nebbiolo d'Alba,4
457b85f5-7b46-4f52-85b9-59acb549b9a2,Elevation Sauvignon Blanc,4
5ccd8030-047b-432c-a630-d784ab415756,Baden-Badener Merlot,4
bec96c0b-5b0b-4992-8756-e0d3b704afb5,Vermentino Riviera ligure di Ponente,4
5ccd8030-047b-432c-a630-d784ab415756,Full of Joy Riesling,4
36fec3ea-e183-491d-b65a-6c7ac90fafa5,Sior Berto,4
918cd9b7-8057-4106-8f7f-9e9e3a423fb1,Tuffeau Vouvray,4
36fec3ea-e183-491d-b65a-6c7ac90fafa5,Gewürztraminer,4
bc79b0e3-064d-4240-86de-e86499f577e8,2／17 @home #4,4
902db46c-a5bf-4d52-acd6-067a2bf3b876,Chardonnay,4
dcd16582-14d2-4e00-a024-9b5886d29b29,Los cardos Dulce. Edición especial 2021,4
014e4ed1-6f8b-4b25-917d-c167a2acca17,New Wine,4
36fec3ea-e183-491d-b65a-6c7ac90fafa5,Sirmian Pinot Bianco,4
36fec3ea-e183-491d-b65a-6c7ac90fafa5,Franciacorta DOCG Nature,4
41375cb6-321d-410a-bd0b-d0afed9f0417,Rosso piceno tenuta coccci grifoni,4
cabb87a0-6498-438a-beb7-676f72bddd09,Sauvignon Blanc,4
838e0d9d-27e9-4f89-9eab-ba2c2f412759,Franciacorta Milledì Brut,4
4eb7031c-da00-48f4-bc7f-0a1f1eda7cab,Vernaccia,4
4c0b31a0-1287-4efc-b24c-fe850084eafd,Special Reserve Port,4
4eb7031c-da00-48f4-bc7f-0a1f1eda7cab,Bollicina,4
838e0d9d-27e9-4f89-9eab-ba2c2f412759,Cinque Terre,4
36fec3ea-e183-491d-b65a-6c7ac90fafa5,Vicar’s Choice Sparkling,4
13016d41-00bd-411c-83f5-2b95691696b7,Bourgogne Aligoté,4
7f6dede6-b8b5-4bb6-a1ca-ae58c79c0ea7,Quintessence Montagny 1er Cru,4
77b7936b-9797-4d14-81bd-a365d777f83d,Montepulciano d'Abruzzo,4
2a62eecd-b0cd-4395-9f8c-7c912a208be2,Montecampo prosecco Italy,4
2c4a4dc1-f355-49c4-b243-cf4fb5683e8e,Archineri Etna Rosso,4
91cf68cc-9436-43e1-871d-33beef4d2337,Schloss Johannisberg Riesling Spatlese,4
bc79b0e3-064d-4240-86de-e86499f577e8,2/26 海洋影響白 #2 Etna Bianco,4
91cf68cc-9436-43e1-871d-33beef4d2337,Alsace Josmeyer Gewurztraminer Biodynamic,4
bc79b0e3-064d-4240-86de-e86499f577e8,2／17 @home #10,4
2a62eecd-b0cd-4395-9f8c-7c912a208be2,I heart wines3,4
76b71bb0-6cc9-4168-8a45-bbafc1e9a256,Brachetto Piemonte,4
f44adf67-90b4-4b33-ac2d-218090cba75a,Asti Dolce Villa Veroni,4
e5b0e77a-ed45-4436-a771-6e01c5782973,Costasera Amarone della Valpolicella Classico Riserva,4
f8c400a6-ded1-40b8-95d2-a263d05c30ce,Nagelforst 1268,4
36fec3ea-e183-491d-b65a-6c7ac90fafa5,Bossi Fedrigotti Fojaneghe,4
5ccd8030-047b-432c-a630-d784ab415756,Pinot Meunier Blanc de Noir Brut Nature,4
deb9001b-2e33-42ca-8953-35c11e0ed824,Chianti,4
f8c400a6-ded1-40b8-95d2-a263d05c30ce,Chianti classico ,4
13016d41-00bd-411c-83f5-2b95691696b7,Pinot grigio,4
185e3df6-c35d-429a-b120-1304eb5b7ff4,Educated Guess Cabernet Sauvignon,4
5ccd8030-047b-432c-a630-d784ab415756,Valpolicella Ripasso (Classico Superiore),4
09f6ca6e-905f-4afd-bab2-d928fe046f18,Vigna petrussa Rinera,4
36fec3ea-e183-491d-b65a-6c7ac90fafa5,Sangiovese Superiore,4
dcd16582-14d2-4e00-a024-9b5886d29b29,Cordero con piel de lobo,4
09f6ca6e-905f-4afd-bab2-d928fe046f18,Vitovska legno,4
2a62eecd-b0cd-4395-9f8c-7c912a208be2,Cambalala Western cape,4
f8c400a6-ded1-40b8-95d2-a263d05c30ce,Barbaresco,4
45749629-7f44-49a1-92ef-ae32c959b290,Alberti 154 Malbec,4
36fec3ea-e183-491d-b65a-6c7ac90fafa5,Valdobbiadene Prosecco Superiore Extra Dry,4
13016d41-00bd-411c-83f5-2b95691696b7,Pinot Grigio,4
826c6abe-7147-4b69-aaea-275fe65b033a,Cavalcaonte Barbera Forlí,5
bec96c0b-5b0b-4992-8756-e0d3b704afb5,Timorasso,5
bec96c0b-5b0b-4992-8756-e0d3b704afb5,Ormeasco di Pornassio,5
bec96c0b-5b0b-4992-8756-e0d3b704afb5,Aspromonte,5
6ff6fb75-4fe9-453f-9c7d-c6ff63ada901,Morandina Valpolicella Ripasso Superiore,5
91cf68cc-9436-43e1-871d-33beef4d2337,Chateau Dereszla Tokaji Aszu 5 Puttonyos,5
37239e04-c632-4373-805f-25d85ee1c9f0,La Cerbaiola ,5
23b6603a-928c-4e54-9c34-bdf3dcb45435,Gewurztraminer,5
3da6eec4-bd99-4370-be23-676baf750f19,Rascal,5
29d44213-2153-405c-9874-87257a3a952f,8 Years in The Desert,5
018ad2f2-d320-46c2-8eff-56af0c2ac2b8,Cinque Terre Sciacchetrà Riserva,5
018ad2f2-d320-46c2-8eff-56af0c2ac2b8,Merlot,5
018ad2f2-d320-46c2-8eff-56af0c2ac2b8,Muller Thurgau Trentino,5
4eb7031c-da00-48f4-bc7f-0a1f1eda7cab,Malvasia,5
defee34b-7775-4889-b703-92b730d85e70,meeker,5
defee34b-7775-4889-b703-92b730d85e70,Zamò Bianco,5
defee34b-7775-4889-b703-92b730d85e70,I Saltari Valpolicella Superiore,5
defee34b-7775-4889-b703-92b730d85e70,Sauvignon,5
4e9cb62e-a165-484b-ad78-cb215523cdd5,Le sol,5
a38e30da-501b-4674-b598-cf9510a2df4c,Moscata D'Asti Casaniere,5
2a62eecd-b0cd-4395-9f8c-7c912a208be2,Reserva riesling estevez 2019,5
2a62eecd-b0cd-4395-9f8c-7c912a208be2,Mcguigan black label sauvignon blanc,5
2a62eecd-b0cd-4395-9f8c-7c912a208be2,Reserva Rioja,5
2a62eecd-b0cd-4395-9f8c-7c912a208be2,Casillero del diabolo merlot Chile ,5
2a62eecd-b0cd-4395-9f8c-7c912a208be2,Organic pinot grigio terre siciliane igt,5
2a62eecd-b0cd-4395-9f8c-7c912a208be2,Grande reserve,5
2a62eecd-b0cd-4395-9f8c-7c912a208be2,Diablo black cabernet sauvignin,5
2a62eecd-b0cd-4395-9f8c-7c912a208be2,Mcguigan black label Red,5
2a62eecd-b0cd-4395-9f8c-7c912a208be2,Mcguigan black label pinot grigio,5
2a62eecd-b0cd-4395-9f8c-7c912a208be2,Pinot noir provincial Di pavia rose,5
2a62eecd-b0cd-4395-9f8c-7c912a208be2,Apothic cab,5
2a62eecd-b0cd-4395-9f8c-7c912a208be2,Sauvignon Blanc,5
2a62eecd-b0cd-4395-9f8c-7c912a208be2,Chateauneuf du pape les cailloux,5
2a62eecd-b0cd-4395-9f8c-7c912a208be2,Jam shed malbec,5
2a62eecd-b0cd-4395-9f8c-7c912a208be2,Casillero del diablo pinot gringo,5
2a62eecd-b0cd-4395-9f8c-7c912a208be2,Dark (Red Blend),5
2a62eecd-b0cd-4395-9f8c-7c912a208be2,19 crimes dark red,5
2a62eecd-b0cd-4395-9f8c-7c912a208be2,Pinot grigio 2019 puglia,5
2a62eecd-b0cd-4395-9f8c-7c912a208be2,Malbec (Reserva),5
2a62eecd-b0cd-4395-9f8c-7c912a208be2,Tempranillo,5
2a62eecd-b0cd-4395-9f8c-7c912a208be2,Diablo dark red,5
2a62eecd-b0cd-4395-9f8c-7c912a208be2,Chateauneuf du pape,5
2a62eecd-b0cd-4395-9f8c-7c912a208be2,Black Label Champagne Brut,5
2a62eecd-b0cd-4395-9f8c-7c912a208be2,Castlelore pinot grigio lazio,5
2a62eecd-b0cd-4395-9f8c-7c912a208be2,Bordeaux,5
2a62eecd-b0cd-4395-9f8c-7c912a208be2,Bordeaux,5
2a62eecd-b0cd-4395-9f8c-7c912a208be2,Tingleup Vineyard Riesling,5
2a62eecd-b0cd-4395-9f8c-7c912a208be2,Reserva Privada Sauvignon Blanc,5
2a62eecd-b0cd-4395-9f8c-7c912a208be2,Chateau les bouysses,5
2a62eecd-b0cd-4395-9f8c-7c912a208be2,Cabernet Sauvignon (Reserva),5
9250d444-805f-4756-a03b-93a597ab320d,Domaine des Granges de Mirabel Coteaux-de-l'Ardèche Viognier,5
25a04c51-5638-42f0-b2e7-ce49b1c280fc,Cinque Terre,5
25a04c51-5638-42f0-b2e7-ce49b1c280fc,Franciacorta Milledì Brut,5
406ed450-5225-41ac-a02f-3ac1d1a1179b,Pinot Nero,5
06ca7474-a4b1-4b25-8775-aed5b238c8dd,Colimoro,5
c3371365-d499-4675-aa68-dbc7b11f0777,Picpoul de Pinet Higues de Beauvignac,5
dc90e649-113d-4cec-983e-d03a7d4acff3,Cabernet Sauvignon,5
bc79b0e3-064d-4240-86de-e86499f577e8,3／4 大亂鬥 1,5
bc79b0e3-064d-4240-86de-e86499f577e8,3／4 大亂鬥 4,5
bc79b0e3-064d-4240-86de-e86499f577e8,3／17 Te Koko,5
bc79b0e3-064d-4240-86de-e86499f577e8,Terroir de Granit Saint Joseph,5
bc79b0e3-064d-4240-86de-e86499f577e8,Terroir de Granit Saint Joseph,5
bc79b0e3-064d-4240-86de-e86499f577e8,3／4 大亂鬥 7,5
bc79b0e3-064d-4240-86de-e86499f577e8,4/15 新世界紅 2 RAka Pinotage,5
bc79b0e3-064d-4240-86de-e86499f577e8,Dolcetto d'Alba Classici,5
bc79b0e3-064d-4240-86de-e86499f577e8,Dolcetto d'Alba Classici,5
bc79b0e3-064d-4240-86de-e86499f577e8,La Rocca Soave Classico,5
bc79b0e3-064d-4240-86de-e86499f577e8,3／4 大亂鬥 8,5
bc79b0e3-064d-4240-86de-e86499f577e8,Girard Old Vine Zinfandel,5
bc79b0e3-064d-4240-86de-e86499f577e8,Roero Arneis,5
bc79b0e3-064d-4240-86de-e86499f577e8,2／17 @home #5,5
bc79b0e3-064d-4240-86de-e86499f577e8,3／17 Temata 2 Cape Crest,5
bc79b0e3-064d-4240-86de-e86499f577e8,Veuve Ambal Methode Traditionelle Blanc de Blancs,5
bc79b0e3-064d-4240-86de-e86499f577e8,3／4 大亂鬥 2,5
bc79b0e3-064d-4240-86de-e86499f577e8,Boscarelli Vino Nobile de Montepulciano DOCG,5
bc79b0e3-064d-4240-86de-e86499f577e8,3／4 大亂鬥 10,5
bc79b0e3-064d-4240-86de-e86499f577e8,3／4 大亂鬥 5,5
83128cf9-f07f-4de1-97cf-cbde8d38bc3c,Riesling,5
83128cf9-f07f-4de1-97cf-cbde8d38bc3c,Odessa Black,5
7a20fe0e-38bf-4e66-967a-dd60aa05d77f,Russiz Superiore,5
22c5c1cb-88fd-4870-a911-846516978ed4,Malbec (High Mountain Vines),5
a74f0e85-dae3-49ca-b6de-f68e9576ad93,Gattinara,5
36fec3ea-e183-491d-b65a-6c7ac90fafa5,Phigaia (After The Red),5
36fec3ea-e183-491d-b65a-6c7ac90fafa5,Chardonnay Cardellino,5
36fec3ea-e183-491d-b65a-6c7ac90fafa5,Cabernet Sauvignon,5
36fec3ea-e183-491d-b65a-6c7ac90fafa5,Vieilles Vignes Rouge,5
36fec3ea-e183-491d-b65a-6c7ac90fafa5,Rhino,5
36fec3ea-e183-491d-b65a-6c7ac90fafa5,Valdobbiadene Prosecco Superiore Brut,5
36fec3ea-e183-491d-b65a-6c7ac90fafa5,Ribolla Gialla,5
36fec3ea-e183-491d-b65a-6c7ac90fafa5,Chardonnay,5
36fec3ea-e183-491d-b65a-6c7ac90fafa5,Collepiano,5
36fec3ea-e183-491d-b65a-6c7ac90fafa5,Brera,5
36fec3ea-e183-491d-b65a-6c7ac90fafa5,Inganno 572,5
36fec3ea-e183-491d-b65a-6c7ac90fafa5,Theo,5
36fec3ea-e183-491d-b65a-6c7ac90fafa5,Crémant d'Alsace Brut Rosè,5
36fec3ea-e183-491d-b65a-6c7ac90fafa5,Mazon Trattmannhof Blauburgunder - Pinot Nero,5
36fec3ea-e183-491d-b65a-6c7ac90fafa5,Cabernet Sauvignon,5
36fec3ea-e183-491d-b65a-6c7ac90fafa5,Metodo Classico Pas Dosé,5
32a9af10-6efe-41bc-8c6a-2d93fcbe88dd,Lambrusco Rosé Secco,5
b61f83a4-48c5-49a5-aee5-72f7d5221b2a,Essensia Orange Muscat,5
86ddb2c4-016f-47ed-8cf9-aa0a3564b7f8,Puntalice,5
9a3cc655-c88e-4c1b-95e2-add7579ff4c2,Perlé,5
f8c400a6-ded1-40b8-95d2-a263d05c30ce,Rimosso,5
f8c400a6-ded1-40b8-95d2-a263d05c30ce,Rimosso,5
f8c400a6-ded1-40b8-95d2-a263d05c30ce,Bitornino ,5
f8c400a6-ded1-40b8-95d2-a263d05c30ce,Bitornino ,5
f8c400a6-ded1-40b8-95d2-a263d05c30ce,Il Mattaglio Blanc de Noirs,5
f8c400a6-ded1-40b8-95d2-a263d05c30ce,Il Mattaglio Blanc de Noirs,5
f8c400a6-ded1-40b8-95d2-a263d05c30ce,Sori Tildin,5
f8c400a6-ded1-40b8-95d2-a263d05c30ce,Lambrusco Rosè ,5
f8c400a6-ded1-40b8-95d2-a263d05c30ce,Lambrusco Rosè ,5
f8c400a6-ded1-40b8-95d2-a263d05c30ce,Il Mattaglio Blanc de Blancs,5
f8c400a6-ded1-40b8-95d2-a263d05c30ce,Il Mattaglio Blanc de Blancs,5
f8c400a6-ded1-40b8-95d2-a263d05c30ce,Il mattaglio brut,5
f8c400a6-ded1-40b8-95d2-a263d05c30ce,Il mattaglio brut,5
fb9faae5-b479-4a1a-af12-6ed14e5f9d3b,Shiraz,5
b2dd097f-fad9-4daa-9218-d21128ec9ab9,Bricco delle Ciliegie Arneis Roero,5
4313b57d-e3f7-495e-bcfd-ff5c1bf15fcc,Rock,5
4313b57d-e3f7-495e-bcfd-ff5c1bf15fcc,Les petits buis,5
4313b57d-e3f7-495e-bcfd-ff5c1bf15fcc,P’tit Piaf Rouge,5
2ae69fac-d491-412f-8164-ccaf59a230c2,Ribolla Gialla,5
2ae69fac-d491-412f-8164-ccaf59a230c2,Ronco del Balbo Merlot,5
2ae69fac-d491-412f-8164-ccaf59a230c2,Ronco del Balbo Merlot,5
2ae69fac-d491-412f-8164-ccaf59a230c2,Ronco del Balbo Merlot,5
2ae69fac-d491-412f-8164-ccaf59a230c2,Perbacco Nebbiolo,5
8764df8a-0919-433c-beab-053a9c12f402,Nero d'Avola Sicilia,5
457b85f5-7b46-4f52-85b9-59acb549b9a2,Refosco,5
776b5af7-bb8a-484a-bddb-dadf5dab4621,La Joie,5
776b5af7-bb8a-484a-bddb-dadf5dab4621,Muscat de Beaumes-de-Venise,5
776b5af7-bb8a-484a-bddb-dadf5dab4621,Muscat de Beaumes-de-Venise,5
776b5af7-bb8a-484a-bddb-dadf5dab4621,Re Rosso,5
e2723dcb-0b44-477f-bf74-678640f5c06d,Terrano,5
f58879a3-ada7-4ca1-a689-3ffdb734e630,Morellino di Scansano,5
4c0b31a0-1287-4efc-b24c-fe850084eafd,Chianti,5
a682d322-8cff-4f92-aaa9-c7380de20f10,Tignanello,5
7c790e8b-b289-4190-a624-83db79de07af,Sierra Foothills Zinfandel,5
ce7409cd-2e73-490d-adee-95ed9e8d7b75,Aziano Chianti Classico,5
bc8f3005-c2c6-4277-9fd7-340248f4e7ec,Merlot,5
bc8f3005-c2c6-4277-9fd7-340248f4e7ec,Bollicina,5
bc8f3005-c2c6-4277-9fd7-340248f4e7ec,Franciacorta,5
bc8f3005-c2c6-4277-9fd7-340248f4e7ec,Franciacorta,5
7e32fee4-f7c4-4600-8a34-db7801ac79d5,Trento Doc,5
7e32fee4-f7c4-4600-8a34-db7801ac79d5,Pas Dosé,5
7e32fee4-f7c4-4600-8a34-db7801ac79d5,Brut (Carte Jaune) Champagne,5
ff89d8c1-48a3-49b5-af95-62d0ce9ecf55,Broad Run Pinot Noir,5
ff89d8c1-48a3-49b5-af95-62d0ce9ecf55,Grey (Glacier) Cabernet Sauvignon,5
ff89d8c1-48a3-49b5-af95-62d0ce9ecf55,Lyric chardonnay 2016,5
b0fbc6bd-4b1e-48cd-92f3-f49b7a505941,Taurasi Vigna Cinque Querce,5
b0fbc6bd-4b1e-48cd-92f3-f49b7a505941,Cannubi Barolo,5
b0fbc6bd-4b1e-48cd-92f3-f49b7a505941,Terra d'Eclano Aglianico Irpinia,5
35bcb30c-a1b8-49c0-85e3-aaa84e30f50d,Rubicon,5
4ed273f7-1816-4f36-88c7-789125f011c7,Moscato d'Asti,5
4ed273f7-1816-4f36-88c7-789125f011c7,Billi Billi Shiraz,5
918cd9b7-8057-4106-8f7f-9e9e3a423fb1,Chardonnay,5
31434f5c-846c-4e06-93d6-193efdeb250c,Strada di Guia 109 Extra Dry,5
f4efa18b-06a5-4417-9c92-8a3dedf8a92a,Wine Club Shiraz,5
70c67292-57ce-4012-a939-5e6ddcb499f8,Sauvignon Blanc,5
838e0d9d-27e9-4f89-9eab-ba2c2f412759,Moscato d'Asti,5
f7fb310d-87f1-441a-94ab-f526f66b9ec1,'Cuvée des Paladins' Erbaluce di Caluso,5
753594e4-9af7-44dd-a5ad-09a776352d7b,Dogtown Vineyard Zinfandel,5
cec7ccd7-a556-4a79-a333-50619c4e4a9e,Quinta do morgado Branco,5
675a53a6-ff06-44ad-beea-ddc782c4da96,Il Passito,5
185e3df6-c35d-429a-b120-1304eb5b7ff4,Vernaccia di Oristano Riserva,5
185e3df6-c35d-429a-b120-1304eb5b7ff4,Cabernet sauvignon,5
dcd16582-14d2-4e00-a024-9b5886d29b29,Las perdices,5
dcd16582-14d2-4e00-a024-9b5886d29b29,Alma Mora Reserva Malbec,5
a3b393ad-38d5-4c5a-b814-5fec18a1fa9d,Opera Viva,5
7c63488a-31b5-4389-9526-d4c6030652aa,Rubesco Rosso di Torgiano,5
2f3064a7-12af-43d8-90fd-6c4555830fcc,Nuovo Vino,5
1b02b02d-e152-4b2e-a276-56fcc4069250,Riesling,5
00324bc3-0b35-4051-bc6d-9c258a4252c2,Ettore germano riesling,5
7f6dede6-b8b5-4bb6-a1ca-ae58c79c0ea7,Pommard,5
7f6dede6-b8b5-4bb6-a1ca-ae58c79c0ea7,Ammonite,5
7f6dede6-b8b5-4bb6-a1ca-ae58c79c0ea7,Beaune 1er cru 'Clos les Aigrots',5
be0e69e3-30d5-4e21-b62f-05402fbfcd5a,Piceno Bacchus,5
